Feature,Importance
Voltage,0.6864443686636038
Height,0.19033078815254492
Soil Type,0.12322484318385123
